Normal,Regenerating
11.24611584,11.14207836
11.49304275,11.04719195
11.13636211,11.00425817
11.11984912,11.50625314
10.92829841,11.06700754
11.55645485,10.87453177
11.3132368,11.48439523
11.16443144,11.51692308
10.87782609,10.75593645
12.67981605,10.9733612
11.93746167,11.07831346
11.17228279,11.18235094
