Student,Height (x1),Foot (x2),Wingspan (y),Leverage
1,63,9,62,0.23986
2,63,9,62,0.23986
3,65,9,64,0.228236
4,64,9.5,64.5,0.223625
5,68,9.5,67,0.196418
6,69,10,69,0.083676
7,71,10,70,0.262182
8,68,10,72,0.067207
9,68,10.5,70,0.187088
10,72,10.5,72,0.151959
11,73,11,73,0.143279
12,73.5,11,75,0.168719
13,70,11,71,0.24538
14,70,11,70,0.24538
15,72,11,76,0.12879
16,74,11.2,76.5,0.18834
